id,created_at,last_updated_at,active,created_by_id,last_updated_by_id,employee_id,role_id
153790,2023-11-17T16:16:53+05:30,2023-11-17T16:16:53+05:30,1,3,3,1115154,11
153791,2023-11-17T16:16:53+05:30,2023-11-17T16:16:53+05:30,1,3,3,1115164,11
153793,2023-11-17T16:16:53+05:30,2023-11-17T16:16:53+05:30,1,3,3,1118943,11
153794,2023-11-17T16:16:53+05:30,2023-11-17T16:16:53+05:30,1,3,3,1118950,11
153796,2023-11-17T16:16:53+05:30,2023-11-17T16:16:53+05:30,1,3,3,1118954,11
153797,2023-11-17T16:16:53+05:30,2023-11-17T16:16:53+05:30,1,3,3,1118960,11
153798,2023-11-17T16:16:54+05:30,2023-11-17T16:16:54+05:30,1,3,3,1118967,11
153799,2023-11-17T16:16:54+05:30,2023-11-17T16:16:54+05:30,1,3,3,1118973,11
153800,2023-11-17T16:16:54+05:30,2023-11-17T16:16:54+05:30,1,3,3,1118989,11
153803,2023-11-17T16:16:54+05:30,2023-11-17T16:16:54+05:30,1,3,3,1125456,11
153805,2023-11-17T16:16:54+05:30,2023-11-17T16:16:54+05:30,1,3,3,1127341,11
153806,2023-11-17T16:16:54+05:30,2023-11-17T16:16:54+05:30,1,3,3,1137862,11
153807,2023-11-17T16:16:54+05:30,2023-11-17T16:16:54+05:30,1,3,3,1139440,11
153808,2023-11-17T16:16:55+05:30,2023-11-17T16:16:55+05:30,1,3,3,1139441,11
153852,2024-03-20T06:27:45+05:30,2024-03-20T06:44:23+05:30,1,937448,937448,1146020,11
153841,2024-02-16T12:51:32+05:30,2024-02-16T12:51:32+05:30,1,937448,937448,1146021,11
153810,2023-11-17T16:16:55+05:30,2023-11-17T16:16:55+05:30,1,3,3,1148282,11
153812,2023-11-24T18:23:14+05:30,2023-11-24T18:23:14+05:30,1,937448,937448,1153234,11
153813,2023-11-24T18:23:43+05:30,2023-11-24T18:23:43+05:30,1,937448,937448,1153235,11
153820,2023-12-01T17:44:11+05:30,2023-12-01T17:44:11+05:30,1,937448,937448,1153507,11
153839,2024-02-12T05:45:32+05:30,2024-02-12T05:45:32+05:30,1,937448,937448,1156505,11
153838,2024-02-12T05:45:16+05:30,2024-02-12T05:45:16+05:30,1,937448,937448,1156506,11
153837,2024-02-12T05:45:00+05:30,2024-02-12T05:45:00+05:30,1,937448,937448,1156507,11
153836,2024-02-12T05:44:29+05:30,2024-02-12T05:44:29+05:30,1,937448,937448,1156508,11
153840,2024-02-12T06:02:20+05:30,2024-02-12T06:02:20+05:30,1,937448,937448,1156565,11
153847,2024-02-21T11:59:23+05:30,2024-02-21T11:59:23+05:30,1,937448,937448,1156992,11
153845,2024-02-21T11:58:50+05:30,2024-02-21T11:58:50+05:30,1,937448,937448,1156993,11
153846,2024-02-21T11:59:07+05:30,2024-02-21T11:59:07+05:30,1,937448,937448,1156994,11
153843,2024-02-21T11:58:06+05:30,2024-02-21T11:58:06+05:30,1,937448,937448,1156995,11
153844,2024-02-21T11:58:33+05:30,2024-02-21T11:58:33+05:30,1,937448,937448,1156996,11
153848,2024-03-19T08:11:09+05:30,2024-03-19T08:11:09+05:30,1,937448,937448,1158213,11
153875,2024-10-29T11:01:45+05:30,2024-10-29T11:01:45+05:30,1,937448,937448,1167502,11
153874,2024-10-29T11:01:24+05:30,2024-10-29T11:01:24+05:30,1,937448,937448,1167503,11
153881,2024-12-18T09:04:41+05:30,2024-12-18T09:04:41+05:30,1,937448,937448,1169285,11
153890,2025-01-06T06:07:25+05:30,2025-01-06T06:07:25+05:30,1,937448,937448,1169830,11
